-- Simplified, fictitious potato database
-- Yksinkertaistettu, kuvitteellinen perunatietokanta

PRAGMA foreign_keys = ON;

-- potato varieties, perunalajikkeita

CREATE TABLE potato (
    potato_id INT,
    potato_name VARCHAR(30) NOT NULL,
    potato_type VARCHAR(30),
    colour VARCHAR(30),
    introduction_year INT,
    PRIMARY KEY (potato_id),
    UNIQUE (potato_name)
);
-- agents representing potato breeders, perunankasvattajia edustavat agentit

CREATE TABLE agent (
    agent_id INT,
    agent_name VARCHAR(30) NOT NULL,
    foundation_year INT,
    PRIMARY KEY (agent_id),
    UNIQUE (agent_name)
);


-- potato breeders, perunankasvattajia

CREATE TABLE breeder (
    breeder_id INT,
    breeder_name VARCHAR(30) NOT NULL,
    country VARCHAR(30) NOT NULL,
    agent_id INT NOT NULL,
    PRIMARY KEY (breeder_id),
    UNIQUE (breeder_name),
    FOREIGN KEY (agent_id) REFERENCES agent
);

-- potato breeders breed varieties for a certain amount per year (tonnes_per_year)
-- perunankasvattajat kasvattavat lajikkeita tietyn määrän vuodessa (tonnes_per_year)

CREATE TABLE breeds (
    breeder_id INT,
    potato_id INT,
    tonnes_per_year NUMERIC(8,1),
    PRIMARY KEY (breeder_id, potato_id),
    FOREIGN KEY (breeder_id) REFERENCES breeder,
    FOREIGN KEY (potato_id) REFERENCES potato
);


-- Potato varieties - Perunalajikkeita

INSERT INTO potato VALUES (
    1, 'Dunbar Rover', 'floury', 'white', 1936
);

INSERT INTO potato VALUES (
    2, 'Bambino', 'waxy', 'cream', 2005
);

INSERT INTO potato VALUES (
    3, 'Blue Annelise', 'smooth', 'blue', 2007
);

INSERT INTO potato VALUES (
    4, 'Duke of York', 'smooth', 'yellow', 1891
);

INSERT INTO potato VALUES (
    5, 'Cara', 'floury', 'cream', 1973
);

INSERT INTO potato VALUES (
    6, 'Moonlight', 'smooth', 'white', 2002
);

-- agents

INSERT INTO agent VALUES(
    1, 'Potatis Institutet', 1998
);

INSERT INTO agent VALUES(
    2, 'Agrico', 1980
);

INSERT INTO agent VALUES(
    3, 'Perunatukku', 2003
);

INSERT INTO agent VALUES(
    4, 'Kartoffelzentrum', 2019
);



-- breeders

INSERT INTO breeder VALUES(
    1, 'Chips', 'Sweden', 1
);

INSERT INTO breeder VALUES(
    2, 'Sipsix', 'Finland', 3
);

INSERT INTO breeder VALUES(
    3, 'Kartoffelmeister', 'Germany', 2
);

INSERT INTO breeder VALUES(
    4, 'Penan pottu', 'Finland', 2
);

-- breeds
INSERT INTO breeds VALUES(
    1, 1, 70.0
);

INSERT INTO breeds VALUES(
    1, 4, 80.0
);

INSERT INTO breeds VALUES(
    1, 5, 76.0
);

INSERT INTO breeds VALUES(
    2, 2, 30.0
);

INSERT INTO breeds VALUES(
    2, 3, 50.0
);

INSERT INTO breeds VALUES(
    3, 4, 134.0
);

INSERT INTO breeds VALUES(
    4, 1, 22.0
);